<code_scheme name="Default (1)" version="173">
  <CssCodeStyleSettings>
    <option name="HEX_COLOR_SHORT_FORMAT" value="true" />
    <option name="BLANK_LINES_BETWEEN_BLOCKS" value="0" />
    <option name="KEEP_SINGLE_LINE_BLOCKS" value="true" />
    <option name="SPACE_BEFORE_OPENING_BRACE" value="false" />
  </CssCodeStyleSettings>
  <HTMLCodeStyleSettings>
    <option name="HTML_DO_NOT_INDENT_CHILDREN_OF" value="html,body,thead,tbody,tfoot,script" />
  </HTMLCodeStyleSettings>
  <codeStyleSettings language="CoffeeScript">
    <indentOptions>
      <option name="CONTINUATION_INDENT_SIZE" value="0" />
    </indentOptions>
  </codeStyleSettings>
  <codeStyleSettings language="HTML">
    <option name="RIGHT_MARGIN" value="120" />
    <indentOptions>
      <option name="INDENT_SIZE" value="2" />
      <option name="CONTINUATION_INDENT_SIZE" value="2" />
      <option name="TAB_SIZE" value="2" />
    </indentOptions>
  </codeStyleSettings>
  <codeStyleSettings language="JavaScript">
    <indentOptions>
      <option name="INDENT_SIZE" value="2" />
      <option name="CONTINUATION_INDENT_SIZE" value="0" />
      <option name="TAB_SIZE" value="2" />
    </indentOptions>
  </codeStyleSettings>
  <codeStyleSettings language="TypeScript">
    <indentOptions>
      <option name="INDENT_SIZE" value="2" />
      <option name="CONTINUATION_INDENT_SIZE" value="0" />
      <option name="TAB_SIZE" value="2" />
    </indentOptions>
  </codeStyleSettings>
</code_scheme>